"","year","treat","amended_bool","amendment_C_kg_ha"
"1",1956,1,FALSE,NA
"2",1956,2,FALSE,NA
"3",1956,3,FALSE,NA
"4",1956,4,FALSE,NA
"5",1956,5,TRUE,3000
"6",1956,6,TRUE,3000
"7",1956,7,TRUE,3000
"8",1956,8,TRUE,3000
"9",1956,9,TRUE,3000
"10",1956,10,TRUE,3000
"11",1956,11,TRUE,3000
"12",1956,12,TRUE,3000
"13",1956,13,TRUE,3000
"14",1956,14,TRUE,3000
"15",1956,15,TRUE,3000
"16",1957,1,FALSE,NA
"17",1957,2,FALSE,NA
"18",1957,3,FALSE,NA
"19",1957,4,FALSE,NA
"20",1957,5,FALSE,NA
"21",1957,6,FALSE,NA
"22",1957,7,FALSE,NA
"23",1957,8,FALSE,NA
"24",1957,9,FALSE,NA
"25",1957,10,FALSE,NA
"26",1957,11,FALSE,NA
"27",1957,12,FALSE,NA
"28",1957,13,FALSE,NA
"29",1957,14,FALSE,NA
"30",1957,15,FALSE,NA
"31",1958,1,FALSE,NA
"32",1958,2,FALSE,NA
"33",1958,3,FALSE,NA
"34",1958,4,FALSE,NA
"35",1958,5,FALSE,NA
"36",1958,6,FALSE,NA
"37",1958,7,FALSE,NA
"38",1958,8,FALSE,NA
"39",1958,9,FALSE,NA
"40",1958,10,FALSE,NA
"41",1958,11,FALSE,NA
"42",1958,12,FALSE,NA
"43",1958,13,FALSE,NA
"44",1958,14,FALSE,NA
"45",1958,15,FALSE,NA
"46",1959,1,FALSE,NA
"47",1959,2,FALSE,NA
"48",1959,3,FALSE,NA
"49",1959,4,FALSE,NA
"50",1959,5,FALSE,NA
"51",1959,6,FALSE,NA
"52",1959,7,FALSE,NA
"53",1959,8,FALSE,NA
"54",1959,9,FALSE,NA
"55",1959,10,FALSE,NA
"56",1959,11,FALSE,NA
"57",1959,12,FALSE,NA
"58",1959,13,FALSE,NA
"59",1959,14,FALSE,NA
"60",1959,15,FALSE,NA
"61",1960,1,FALSE,NA
"62",1960,2,FALSE,NA
"63",1960,3,FALSE,NA
"64",1960,4,FALSE,NA
"65",1960,5,TRUE,3000
"66",1960,6,TRUE,3000
"67",1960,7,TRUE,3000
"68",1960,8,TRUE,3000
"69",1960,9,TRUE,3000
"70",1960,10,TRUE,3000
"71",1960,11,TRUE,3000
"72",1960,12,TRUE,3000
"73",1960,13,TRUE,3000
"74",1960,14,TRUE,3000
"75",1960,15,TRUE,3000
"76",1961,1,FALSE,NA
"77",1961,2,FALSE,NA
"78",1961,3,FALSE,NA
"79",1961,4,FALSE,NA
"80",1961,5,FALSE,NA
"81",1961,6,FALSE,NA
"82",1961,7,FALSE,NA
"83",1961,8,FALSE,NA
"84",1961,9,FALSE,NA
"85",1961,10,FALSE,NA
"86",1961,11,FALSE,NA
"87",1961,12,FALSE,NA
"88",1961,13,FALSE,NA
"89",1961,14,FALSE,NA
"90",1961,15,FALSE,NA
"91",1962,1,FALSE,NA
"92",1962,2,FALSE,NA
"93",1962,3,FALSE,NA
"94",1962,4,FALSE,NA
"95",1962,5,FALSE,NA
"96",1962,6,FALSE,NA
"97",1962,7,FALSE,NA
"98",1962,8,FALSE,NA
"99",1962,9,FALSE,NA
"100",1962,10,FALSE,NA
"101",1962,11,FALSE,NA
"102",1962,12,FALSE,NA
"103",1962,13,FALSE,NA
"104",1962,14,FALSE,NA
"105",1962,15,FALSE,NA
"106",1963,1,FALSE,NA
"107",1963,2,FALSE,NA
"108",1963,3,FALSE,NA
"109",1963,4,FALSE,NA
"110",1963,5,TRUE,3000
"111",1963,6,TRUE,3000
"112",1963,7,TRUE,3000
"113",1963,8,TRUE,3000
"114",1963,9,TRUE,3000
"115",1963,10,TRUE,3000
"116",1963,11,TRUE,3000
"117",1963,12,TRUE,3000
"118",1963,13,TRUE,3000
"119",1963,14,TRUE,3000
"120",1963,15,TRUE,3000
"121",1964,1,FALSE,NA
"122",1964,2,FALSE,NA
"123",1964,3,FALSE,NA
"124",1964,4,FALSE,NA
"125",1964,5,FALSE,NA
"126",1964,6,FALSE,NA
"127",1964,7,FALSE,NA
"128",1964,8,FALSE,NA
"129",1964,9,FALSE,NA
"130",1964,10,FALSE,NA
"131",1964,11,FALSE,NA
"132",1964,12,FALSE,NA
"133",1964,13,FALSE,NA
"134",1964,14,FALSE,NA
"135",1964,15,FALSE,NA
"136",1965,1,FALSE,NA
"137",1965,2,FALSE,NA
"138",1965,3,FALSE,NA
"139",1965,4,FALSE,NA
"140",1965,5,TRUE,3000
"141",1965,6,TRUE,3000
"142",1965,7,TRUE,3000
"143",1965,8,TRUE,3000
"144",1965,9,TRUE,3000
"145",1965,10,TRUE,3000
"146",1965,11,TRUE,3000
"147",1965,12,TRUE,3000
"148",1965,13,TRUE,3000
"149",1965,14,TRUE,3000
"150",1965,15,TRUE,3000
"151",1966,1,FALSE,NA
"152",1966,2,FALSE,NA
"153",1966,3,FALSE,NA
"154",1966,4,FALSE,NA
"155",1966,5,FALSE,NA
"156",1966,6,FALSE,NA
"157",1966,7,FALSE,NA
"158",1966,8,FALSE,NA
"159",1966,9,FALSE,NA
"160",1966,10,FALSE,NA
"161",1966,11,FALSE,NA
"162",1966,12,FALSE,NA
"163",1966,13,FALSE,NA
"164",1966,14,FALSE,NA
"165",1966,15,FALSE,NA
"166",1967,1,FALSE,NA
"167",1967,2,FALSE,NA
"168",1967,3,FALSE,NA
"169",1967,4,FALSE,NA
"170",1967,5,TRUE,3000
"171",1967,6,TRUE,3000
"172",1967,7,TRUE,3000
"173",1967,8,TRUE,3000
"174",1967,9,TRUE,3000
"175",1967,10,TRUE,3000
"176",1967,11,TRUE,3000
"177",1967,12,TRUE,3000
"178",1967,13,TRUE,3000
"179",1967,14,TRUE,3000
"180",1967,15,TRUE,3000
"181",1968,1,FALSE,NA
"182",1968,2,FALSE,NA
"183",1968,3,FALSE,NA
"184",1968,4,FALSE,NA
"185",1968,5,FALSE,NA
"186",1968,6,FALSE,NA
"187",1968,7,FALSE,NA
"188",1968,8,FALSE,NA
"189",1968,9,FALSE,NA
"190",1968,10,FALSE,NA
"191",1968,11,FALSE,NA
"192",1968,12,FALSE,NA
"193",1968,13,FALSE,NA
"194",1968,14,FALSE,NA
"195",1968,15,FALSE,NA
"196",1969,1,FALSE,NA
"197",1969,2,FALSE,NA
"198",1969,3,FALSE,NA
"199",1969,4,FALSE,NA
"200",1969,5,TRUE,3000
"201",1969,6,TRUE,3000
"202",1969,7,TRUE,3000
"203",1969,8,TRUE,3000
"204",1969,9,TRUE,3000
"205",1969,10,TRUE,3000
"206",1969,11,TRUE,3000
"207",1969,12,TRUE,3000
"208",1969,13,TRUE,3000
"209",1969,14,TRUE,3000
"210",1969,15,TRUE,3000
"211",1970,1,FALSE,NA
"212",1970,2,FALSE,NA
"213",1970,3,FALSE,NA
"214",1970,4,FALSE,NA
"215",1970,5,FALSE,NA
"216",1970,6,FALSE,NA
"217",1970,7,FALSE,NA
"218",1970,8,FALSE,NA
"219",1970,9,FALSE,NA
"220",1970,10,FALSE,NA
"221",1970,11,FALSE,NA
"222",1970,12,FALSE,NA
"223",1970,13,FALSE,NA
"224",1970,14,FALSE,NA
"225",1970,15,FALSE,NA
"226",1971,1,FALSE,NA
"227",1971,2,FALSE,NA
"228",1971,3,FALSE,NA
"229",1971,4,FALSE,NA
"230",1971,5,TRUE,3000
"231",1971,6,TRUE,3000
"232",1971,7,TRUE,3000
"233",1971,8,TRUE,3000
"234",1971,9,TRUE,3000
"235",1971,10,TRUE,3000
"236",1971,11,TRUE,3000
"237",1971,12,TRUE,3000
"238",1971,13,TRUE,3000
"239",1971,14,TRUE,3000
"240",1971,15,TRUE,3000
"241",1972,1,FALSE,NA
"242",1972,2,FALSE,NA
"243",1972,3,FALSE,NA
"244",1972,4,FALSE,NA
"245",1972,5,FALSE,NA
"246",1972,6,FALSE,NA
"247",1972,7,FALSE,NA
"248",1972,8,FALSE,NA
"249",1972,9,FALSE,NA
"250",1972,10,FALSE,NA
"251",1972,11,FALSE,NA
"252",1972,12,FALSE,NA
"253",1972,13,FALSE,NA
"254",1972,14,FALSE,NA
"255",1972,15,FALSE,NA
"256",1973,1,FALSE,NA
"257",1973,2,FALSE,NA
"258",1973,3,FALSE,NA
"259",1973,4,FALSE,NA
"260",1973,5,TRUE,3000
"261",1973,6,TRUE,3000
"262",1973,7,TRUE,3000
"263",1973,8,TRUE,3000
"264",1973,9,TRUE,3000
"265",1973,10,TRUE,3000
"266",1973,11,TRUE,3000
"267",1973,12,TRUE,3000
"268",1973,13,TRUE,3000
"269",1973,14,TRUE,3000
"270",1973,15,TRUE,3000
"271",1974,1,FALSE,NA
"272",1974,2,FALSE,NA
"273",1974,3,FALSE,NA
"274",1974,4,FALSE,NA
"275",1974,5,FALSE,NA
"276",1974,6,FALSE,NA
"277",1974,7,FALSE,NA
"278",1974,8,FALSE,NA
"279",1974,9,FALSE,NA
"280",1974,10,FALSE,NA
"281",1974,11,FALSE,NA
"282",1974,12,FALSE,NA
"283",1974,13,FALSE,NA
"284",1974,14,FALSE,NA
"285",1974,15,FALSE,NA
"286",1975,1,FALSE,NA
"287",1975,2,FALSE,NA
"288",1975,3,FALSE,NA
"289",1975,4,FALSE,NA
"290",1975,5,TRUE,3000
"291",1975,6,TRUE,3000
"292",1975,7,TRUE,3000
"293",1975,8,TRUE,3000
"294",1975,9,TRUE,3000
"295",1975,10,TRUE,3000
"296",1975,11,TRUE,3000
"297",1975,12,TRUE,3000
"298",1975,13,TRUE,3000
"299",1975,14,TRUE,3000
"300",1975,15,TRUE,3000
"301",1976,1,FALSE,NA
"302",1976,2,FALSE,NA
"303",1976,3,FALSE,NA
"304",1976,4,FALSE,NA
"305",1976,5,FALSE,NA
"306",1976,6,FALSE,NA
"307",1976,7,FALSE,NA
"308",1976,8,FALSE,NA
"309",1976,9,FALSE,NA
"310",1976,10,FALSE,NA
"311",1976,11,FALSE,NA
"312",1976,12,FALSE,NA
"313",1976,13,FALSE,NA
"314",1976,14,FALSE,NA
"315",1976,15,FALSE,NA
"316",1977,1,FALSE,NA
"317",1977,2,FALSE,NA
"318",1977,3,FALSE,NA
"319",1977,4,FALSE,NA
"320",1977,5,TRUE,3000
"321",1977,6,TRUE,3000
"322",1977,7,TRUE,3000
"323",1977,8,TRUE,3000
"324",1977,9,TRUE,3000
"325",1977,10,TRUE,3000
"326",1977,11,TRUE,3000
"327",1977,12,TRUE,3000
"328",1977,13,TRUE,3000
"329",1977,14,TRUE,3000
"330",1977,15,TRUE,3000
"331",1978,1,FALSE,NA
"332",1978,2,FALSE,NA
"333",1978,3,FALSE,NA
"334",1978,4,FALSE,NA
"335",1978,5,FALSE,NA
"336",1978,6,FALSE,NA
"337",1978,7,FALSE,NA
"338",1978,8,FALSE,NA
"339",1978,9,FALSE,NA
"340",1978,10,FALSE,NA
"341",1978,11,FALSE,NA
"342",1978,12,FALSE,NA
"343",1978,13,FALSE,NA
"344",1978,14,FALSE,NA
"345",1978,15,FALSE,NA
"346",1979,1,FALSE,NA
"347",1979,2,FALSE,NA
"348",1979,3,FALSE,NA
"349",1979,4,FALSE,NA
"350",1979,5,TRUE,3000
"351",1979,6,TRUE,3000
"352",1979,7,TRUE,3000
"353",1979,8,TRUE,3000
"354",1979,9,TRUE,3000
"355",1979,10,TRUE,3000
"356",1979,11,TRUE,3000
"357",1979,12,TRUE,3000
"358",1979,13,TRUE,3000
"359",1979,14,TRUE,3000
"360",1979,15,TRUE,3000
"361",1980,1,FALSE,NA
"362",1980,2,FALSE,NA
"363",1980,3,FALSE,NA
"364",1980,4,FALSE,NA
"365",1980,5,FALSE,NA
"366",1980,6,FALSE,NA
"367",1980,7,FALSE,NA
"368",1980,8,FALSE,NA
"369",1980,9,FALSE,NA
"370",1980,10,FALSE,NA
"371",1980,11,FALSE,NA
"372",1980,12,FALSE,NA
"373",1980,13,FALSE,NA
"374",1980,14,FALSE,NA
"375",1980,15,FALSE,NA
"376",1981,1,FALSE,NA
"377",1981,2,FALSE,NA
"378",1981,3,FALSE,NA
"379",1981,4,FALSE,NA
"380",1981,5,TRUE,3000
"381",1981,6,TRUE,3000
"382",1981,7,TRUE,3000
"383",1981,8,TRUE,3000
"384",1981,9,TRUE,3000
"385",1981,10,TRUE,3000
"386",1981,11,TRUE,3000
"387",1981,12,TRUE,3000
"388",1981,13,TRUE,3000
"389",1981,14,TRUE,3000
"390",1981,15,TRUE,3000
"391",1982,1,FALSE,NA
"392",1982,2,FALSE,NA
"393",1982,3,FALSE,NA
"394",1982,4,FALSE,NA
"395",1982,5,FALSE,NA
"396",1982,6,FALSE,NA
"397",1982,7,FALSE,NA
"398",1982,8,FALSE,NA
"399",1982,9,FALSE,NA
"400",1982,10,FALSE,NA
"401",1982,11,FALSE,NA
"402",1982,12,FALSE,NA
"403",1982,13,FALSE,NA
"404",1982,14,FALSE,NA
"405",1982,15,FALSE,NA
"406",1983,1,FALSE,NA
"407",1983,2,FALSE,NA
"408",1983,3,FALSE,NA
"409",1983,4,FALSE,NA
"410",1983,5,TRUE,3000
"411",1983,6,TRUE,3000
"412",1983,7,TRUE,3000
"413",1983,8,TRUE,3000
"414",1983,9,TRUE,3000
"415",1983,10,TRUE,3000
"416",1983,11,TRUE,3000
"417",1983,12,TRUE,3000
"418",1983,13,TRUE,3000
"419",1983,14,TRUE,3000
"420",1983,15,TRUE,3000
"421",1984,1,FALSE,NA
"422",1984,2,FALSE,NA
"423",1984,3,FALSE,NA
"424",1984,4,FALSE,NA
"425",1984,5,FALSE,NA
"426",1984,6,FALSE,NA
"427",1984,7,FALSE,NA
"428",1984,8,FALSE,NA
"429",1984,9,FALSE,NA
"430",1984,10,FALSE,NA
"431",1984,11,FALSE,NA
"432",1984,12,FALSE,NA
"433",1984,13,FALSE,NA
"434",1984,14,FALSE,NA
"435",1984,15,FALSE,NA
"436",1985,1,FALSE,NA
"437",1985,2,FALSE,NA
"438",1985,3,FALSE,NA
"439",1985,4,FALSE,NA
"440",1985,5,TRUE,3000
"441",1985,6,TRUE,3000
"442",1985,7,TRUE,3000
"443",1985,8,TRUE,3000
"444",1985,9,TRUE,3000
"445",1985,10,TRUE,3000
"446",1985,11,TRUE,3000
"447",1985,12,TRUE,3000
"448",1985,13,TRUE,3000
"449",1985,14,TRUE,3000
"450",1985,15,TRUE,3000
"451",1986,1,FALSE,NA
"452",1986,2,FALSE,NA
"453",1986,3,FALSE,NA
"454",1986,4,FALSE,NA
"455",1986,5,FALSE,NA
"456",1986,6,FALSE,NA
"457",1986,7,FALSE,NA
"458",1986,8,FALSE,NA
"459",1986,9,FALSE,NA
"460",1986,10,FALSE,NA
"461",1986,11,FALSE,NA
"462",1986,12,FALSE,NA
"463",1986,13,FALSE,NA
"464",1986,14,FALSE,NA
"465",1986,15,FALSE,NA
"466",1987,1,FALSE,NA
"467",1987,2,FALSE,NA
"468",1987,3,FALSE,NA
"469",1987,4,FALSE,NA
"470",1987,5,TRUE,3000
"471",1987,6,TRUE,3000
"472",1987,7,TRUE,3000
"473",1987,8,TRUE,3000
"474",1987,9,TRUE,3000
"475",1987,10,TRUE,3000
"476",1987,11,TRUE,3000
"477",1987,12,TRUE,3000
"478",1987,13,TRUE,3000
"479",1987,14,TRUE,3000
"480",1987,15,TRUE,3000
"481",1988,1,FALSE,NA
"482",1988,2,FALSE,NA
"483",1988,3,FALSE,NA
"484",1988,4,FALSE,NA
"485",1988,5,FALSE,NA
"486",1988,6,FALSE,NA
"487",1988,7,FALSE,NA
"488",1988,8,FALSE,NA
"489",1988,9,FALSE,NA
"490",1988,10,FALSE,NA
"491",1988,11,FALSE,NA
"492",1988,12,FALSE,NA
"493",1988,13,FALSE,NA
"494",1988,14,FALSE,NA
"495",1988,15,FALSE,NA
"496",1989,1,FALSE,NA
"497",1989,2,FALSE,NA
"498",1989,3,FALSE,NA
"499",1989,4,FALSE,NA
"500",1989,5,TRUE,3000
"501",1989,6,TRUE,3000
"502",1989,7,TRUE,3000
"503",1989,8,TRUE,3000
"504",1989,9,TRUE,3000
"505",1989,10,TRUE,3000
"506",1989,11,TRUE,3000
"507",1989,12,TRUE,3000
"508",1989,13,TRUE,3000
"509",1989,14,TRUE,3000
"510",1989,15,TRUE,3000
"511",1990,1,FALSE,NA
"512",1990,2,FALSE,NA
"513",1990,3,FALSE,NA
"514",1990,4,FALSE,NA
"515",1990,5,FALSE,NA
"516",1990,6,FALSE,NA
"517",1990,7,FALSE,NA
"518",1990,8,FALSE,NA
"519",1990,9,FALSE,NA
"520",1990,10,FALSE,NA
"521",1990,11,FALSE,NA
"522",1990,12,FALSE,NA
"523",1990,13,FALSE,NA
"524",1990,14,FALSE,NA
"525",1990,15,FALSE,NA
"526",1991,1,FALSE,NA
"527",1991,2,FALSE,NA
"528",1991,3,FALSE,NA
"529",1991,4,FALSE,NA
"530",1991,5,TRUE,3000
"531",1991,6,TRUE,3000
"532",1991,7,TRUE,3000
"533",1991,8,TRUE,3000
"534",1991,9,TRUE,3000
"535",1991,10,TRUE,3000
"536",1991,11,TRUE,3000
"537",1991,12,TRUE,3000
"538",1991,13,TRUE,3000
"539",1991,14,TRUE,3000
"540",1991,15,TRUE,3000
"541",1992,1,FALSE,NA
"542",1992,2,FALSE,NA
"543",1992,3,FALSE,NA
"544",1992,4,FALSE,NA
"545",1992,5,FALSE,NA
"546",1992,6,FALSE,NA
"547",1992,7,FALSE,NA
"548",1992,8,FALSE,NA
"549",1992,9,FALSE,NA
"550",1992,10,FALSE,NA
"551",1992,11,FALSE,NA
"552",1992,12,FALSE,NA
"553",1992,13,FALSE,NA
"554",1992,14,FALSE,NA
"555",1992,15,FALSE,NA
"556",1993,1,FALSE,NA
"557",1993,2,FALSE,NA
"558",1993,3,FALSE,NA
"559",1993,4,FALSE,NA
"560",1993,5,TRUE,3000
"561",1993,6,TRUE,3000
"562",1993,7,TRUE,3000
"563",1993,8,TRUE,3000
"564",1993,9,TRUE,3000
"565",1993,10,TRUE,3000
"566",1993,11,TRUE,3000
"567",1993,12,TRUE,3000
"568",1993,13,TRUE,3000
"569",1993,14,TRUE,3000
"570",1993,15,TRUE,3000
"571",1994,1,FALSE,NA
"572",1994,2,FALSE,NA
"573",1994,3,FALSE,NA
"574",1994,4,FALSE,NA
"575",1994,5,FALSE,NA
"576",1994,6,FALSE,NA
"577",1994,7,FALSE,NA
"578",1994,8,FALSE,NA
"579",1994,9,FALSE,NA
"580",1994,10,FALSE,NA
"581",1994,11,FALSE,NA
"582",1994,12,FALSE,NA
"583",1994,13,FALSE,NA
"584",1994,14,FALSE,NA
"585",1994,15,FALSE,NA
"586",1995,1,FALSE,NA
"587",1995,2,FALSE,NA
"588",1995,3,FALSE,NA
"589",1995,4,FALSE,NA
"590",1995,5,TRUE,3000
"591",1995,6,TRUE,3000
"592",1995,7,TRUE,3000
"593",1995,8,TRUE,3000
"594",1995,9,TRUE,3000
"595",1995,10,TRUE,3000
"596",1995,11,TRUE,3000
"597",1995,12,TRUE,3000
"598",1995,13,TRUE,3000
"599",1995,14,TRUE,3000
"600",1995,15,TRUE,3000
"601",1996,1,FALSE,NA
"602",1996,2,FALSE,NA
"603",1996,3,FALSE,NA
"604",1996,4,FALSE,NA
"605",1996,5,FALSE,NA
"606",1996,6,FALSE,NA
"607",1996,7,FALSE,NA
"608",1996,8,FALSE,NA
"609",1996,9,FALSE,NA
"610",1996,10,FALSE,NA
"611",1996,11,FALSE,NA
"612",1996,12,FALSE,NA
"613",1996,13,FALSE,NA
"614",1996,14,FALSE,NA
"615",1996,15,FALSE,NA
"616",1997,1,FALSE,NA
"617",1997,2,FALSE,NA
"618",1997,3,FALSE,NA
"619",1997,4,FALSE,NA
"620",1997,5,TRUE,3000
"621",1997,6,TRUE,3000
"622",1997,7,TRUE,3000
"623",1997,8,TRUE,3000
"624",1997,9,TRUE,3000
"625",1997,10,TRUE,3000
"626",1997,11,TRUE,3000
"627",1997,12,TRUE,3000
"628",1997,13,TRUE,3000
"629",1997,14,TRUE,3000
"630",1997,15,TRUE,3000
"631",1998,1,FALSE,NA
"632",1998,2,FALSE,NA
"633",1998,3,FALSE,NA
"634",1998,4,FALSE,NA
"635",1998,5,FALSE,NA
"636",1998,6,FALSE,NA
"637",1998,7,FALSE,NA
"638",1998,8,FALSE,NA
"639",1998,9,FALSE,NA
"640",1998,10,FALSE,NA
"641",1998,11,FALSE,NA
"642",1998,12,FALSE,NA
"643",1998,13,FALSE,NA
"644",1998,14,FALSE,NA
"645",1998,15,FALSE,NA
"646",1999,1,FALSE,NA
"647",1999,2,FALSE,NA
"648",1999,3,FALSE,NA
"649",1999,4,FALSE,NA
"650",1999,5,TRUE,3000
"651",1999,6,TRUE,3000
"652",1999,7,TRUE,3000
"653",1999,8,TRUE,3000
"654",1999,9,TRUE,3000
"655",1999,10,TRUE,3000
"656",1999,11,TRUE,3000
"657",1999,12,TRUE,3000
"658",1999,13,TRUE,3000
"659",1999,14,TRUE,3000
"660",1999,15,TRUE,3000
"661",2000,1,FALSE,NA
"662",2000,2,FALSE,NA
"663",2000,3,FALSE,NA
"664",2000,4,FALSE,NA
"665",2000,5,FALSE,NA
"666",2000,6,FALSE,NA
"667",2000,7,FALSE,NA
"668",2000,8,FALSE,NA
"669",2000,9,FALSE,NA
"670",2000,10,FALSE,NA
"671",2000,11,FALSE,NA
"672",2000,12,FALSE,NA
"673",2000,13,FALSE,NA
"674",2000,14,FALSE,NA
"675",2000,15,FALSE,NA
"676",2001,1,FALSE,NA
"677",2001,2,FALSE,NA
"678",2001,3,FALSE,NA
"679",2001,4,FALSE,NA
"680",2001,5,TRUE,3000
"681",2001,6,TRUE,3000
"682",2001,7,TRUE,3000
"683",2001,8,TRUE,3000
"684",2001,9,TRUE,3000
"685",2001,10,TRUE,3000
"686",2001,11,TRUE,3000
"687",2001,12,TRUE,3000
"688",2001,13,TRUE,3000
"689",2001,14,TRUE,3000
"690",2001,15,TRUE,3000
"691",2002,1,FALSE,NA
"692",2002,2,FALSE,NA
"693",2002,3,FALSE,NA
"694",2002,4,FALSE,NA
"695",2002,5,FALSE,NA
"696",2002,6,FALSE,NA
"697",2002,7,FALSE,NA
"698",2002,8,FALSE,NA
"699",2002,9,FALSE,NA
"700",2002,10,FALSE,NA
"701",2002,11,FALSE,NA
"702",2002,12,FALSE,NA
"703",2002,13,FALSE,NA
"704",2002,14,FALSE,NA
"705",2002,15,FALSE,NA
"706",2003,1,FALSE,NA
"707",2003,2,FALSE,NA
"708",2003,3,FALSE,NA
"709",2003,4,FALSE,NA
"710",2003,5,TRUE,3000
"711",2003,6,TRUE,3000
"712",2003,7,TRUE,3000
"713",2003,8,TRUE,3000
"714",2003,9,TRUE,3000
"715",2003,10,TRUE,3000
"716",2003,11,TRUE,3000
"717",2003,12,TRUE,3000
"718",2003,13,TRUE,3000
"719",2003,14,TRUE,3000
"720",2003,15,TRUE,3000
"721",2004,1,FALSE,NA
"722",2004,2,FALSE,NA
"723",2004,3,FALSE,NA
"724",2004,4,FALSE,NA
"725",2004,5,FALSE,NA
"726",2004,6,FALSE,NA
"727",2004,7,FALSE,NA
"728",2004,8,FALSE,NA
"729",2004,9,FALSE,NA
"730",2004,10,FALSE,NA
"731",2004,11,FALSE,NA
"732",2004,12,FALSE,NA
"733",2004,13,FALSE,NA
"734",2004,14,FALSE,NA
"735",2004,15,FALSE,NA
"736",2005,1,FALSE,NA
"737",2005,2,FALSE,NA
"738",2005,3,FALSE,NA
"739",2005,4,FALSE,NA
"740",2005,5,TRUE,3000
"741",2005,6,TRUE,3000
"742",2005,7,TRUE,3000
"743",2005,8,TRUE,3000
"744",2005,9,TRUE,3000
"745",2005,10,TRUE,3000
"746",2005,11,TRUE,3000
"747",2005,12,TRUE,3000
"748",2005,13,TRUE,3000
"749",2005,14,TRUE,3000
"750",2005,15,TRUE,3000
"751",2006,1,FALSE,NA
"752",2006,2,FALSE,NA
"753",2006,3,FALSE,NA
"754",2006,4,FALSE,NA
"755",2006,5,FALSE,NA
"756",2006,6,FALSE,NA
"757",2006,7,FALSE,NA
"758",2006,8,FALSE,NA
"759",2006,9,FALSE,NA
"760",2006,10,FALSE,NA
"761",2006,11,FALSE,NA
"762",2006,12,FALSE,NA
"763",2006,13,FALSE,NA
"764",2006,14,FALSE,NA
"765",2006,15,FALSE,NA
"766",2007,1,FALSE,NA
"767",2007,2,FALSE,NA
"768",2007,3,FALSE,NA
"769",2007,4,FALSE,NA
"770",2007,5,TRUE,3000
"771",2007,6,TRUE,3000
"772",2007,7,TRUE,3000
"773",2007,8,TRUE,3000
"774",2007,9,TRUE,3000
"775",2007,10,TRUE,3000
"776",2007,11,TRUE,3000
"777",2007,12,TRUE,3000
"778",2007,13,TRUE,3000
"779",2007,14,TRUE,3000
"780",2007,15,TRUE,3000
"781",2008,1,FALSE,NA
"782",2008,2,FALSE,NA
"783",2008,3,FALSE,NA
"784",2008,4,FALSE,NA
"785",2008,5,FALSE,NA
"786",2008,6,FALSE,NA
"787",2008,7,FALSE,NA
"788",2008,8,FALSE,NA
"789",2008,9,FALSE,NA
"790",2008,10,FALSE,NA
"791",2008,11,FALSE,NA
"792",2008,12,FALSE,NA
"793",2008,13,FALSE,NA
"794",2008,14,FALSE,NA
"795",2008,15,FALSE,NA
"796",2009,1,FALSE,NA
"797",2009,2,FALSE,NA
"798",2009,3,FALSE,NA
"799",2009,4,FALSE,NA
"800",2009,5,TRUE,3000
"801",2009,6,TRUE,3000
"802",2009,7,TRUE,3000
"803",2009,8,TRUE,3000
"804",2009,9,TRUE,3000
"805",2009,10,TRUE,3000
"806",2009,11,TRUE,3000
"807",2009,12,TRUE,3000
"808",2009,13,TRUE,3000
"809",2009,14,TRUE,3000
"810",2009,15,TRUE,3000
"811",2010,1,FALSE,NA
"812",2010,2,FALSE,NA
"813",2010,3,FALSE,NA
"814",2010,4,FALSE,NA
"815",2010,5,FALSE,NA
"816",2010,6,FALSE,NA
"817",2010,7,FALSE,NA
"818",2010,8,FALSE,NA
"819",2010,9,FALSE,NA
"820",2010,10,FALSE,NA
"821",2010,11,FALSE,NA
"822",2010,12,FALSE,NA
"823",2010,13,FALSE,NA
"824",2010,14,FALSE,NA
"825",2010,15,FALSE,NA
"826",2011,1,FALSE,NA
"827",2011,2,FALSE,NA
"828",2011,3,FALSE,NA
"829",2011,4,FALSE,NA
"830",2011,5,TRUE,3000
"831",2011,6,TRUE,3000
"832",2011,7,TRUE,3000
"833",2011,8,TRUE,3000
"834",2011,9,TRUE,3000
"835",2011,10,TRUE,3000
"836",2011,11,TRUE,3000
"837",2011,12,TRUE,3000
"838",2011,13,TRUE,3000
"839",2011,14,TRUE,3000
"840",2011,15,TRUE,3000
"841",2012,1,FALSE,NA
"842",2012,2,FALSE,NA
"843",2012,3,FALSE,NA
"844",2012,4,FALSE,NA
"845",2012,5,FALSE,NA
"846",2012,6,FALSE,NA
"847",2012,7,FALSE,NA
"848",2012,8,FALSE,NA
"849",2012,9,FALSE,NA
"850",2012,10,FALSE,NA
"851",2012,11,FALSE,NA
"852",2012,12,FALSE,NA
"853",2012,13,FALSE,NA
"854",2012,14,FALSE,NA
"855",2012,15,FALSE,NA
"856",2013,1,FALSE,NA
"857",2013,2,FALSE,NA
"858",2013,3,FALSE,NA
"859",2013,4,FALSE,NA
"860",2013,5,TRUE,3000
"861",2013,6,TRUE,3000
"862",2013,7,TRUE,3000
"863",2013,8,TRUE,3000
"864",2013,9,TRUE,3000
"865",2013,10,TRUE,3000
"866",2013,11,TRUE,3000
"867",2013,12,TRUE,3000
"868",2013,13,TRUE,3000
"869",2013,14,TRUE,3000
"870",2013,15,TRUE,3000
"871",2014,1,FALSE,NA
"872",2014,2,FALSE,NA
"873",2014,3,FALSE,NA
"874",2014,4,FALSE,NA
"875",2014,5,FALSE,NA
"876",2014,6,FALSE,NA
"877",2014,7,FALSE,NA
"878",2014,8,FALSE,NA
"879",2014,9,FALSE,NA
"880",2014,10,FALSE,NA
"881",2014,11,FALSE,NA
"882",2014,12,FALSE,NA
"883",2014,13,FALSE,NA
"884",2014,14,FALSE,NA
"885",2014,15,FALSE,NA
"886",2015,1,FALSE,NA
"887",2015,2,FALSE,NA
"888",2015,3,FALSE,NA
"889",2015,4,FALSE,NA
"890",2015,5,TRUE,3000
"891",2015,6,TRUE,3000
"892",2015,7,TRUE,3000
"893",2015,8,TRUE,3000
"894",2015,9,TRUE,3000
"895",2015,10,TRUE,3000
"896",2015,11,TRUE,3000
"897",2015,12,TRUE,3000
"898",2015,13,TRUE,3000
"899",2015,14,TRUE,3000
"900",2015,15,TRUE,3000
"901",2016,1,FALSE,NA
"902",2016,2,FALSE,NA
"903",2016,3,FALSE,NA
"904",2016,4,FALSE,NA
"905",2016,5,FALSE,NA
"906",2016,6,FALSE,NA
"907",2016,7,FALSE,NA
"908",2016,8,FALSE,NA
"909",2016,9,FALSE,NA
"910",2016,10,FALSE,NA
"911",2016,11,FALSE,NA
"912",2016,12,FALSE,NA
"913",2016,13,FALSE,NA
"914",2016,14,FALSE,NA
"915",2016,15,FALSE,NA
"916",2017,1,FALSE,NA
"917",2017,2,FALSE,NA
"918",2017,3,FALSE,NA
"919",2017,4,FALSE,NA
"920",2017,5,TRUE,3000
"921",2017,6,TRUE,3000
"922",2017,7,TRUE,3000
"923",2017,8,TRUE,3000
"924",2017,9,TRUE,3000
"925",2017,10,TRUE,3000
"926",2017,11,TRUE,3000
"927",2017,12,TRUE,3000
"928",2017,13,TRUE,3000
"929",2017,14,TRUE,3000
"930",2017,15,TRUE,3000
